"","holiday","weekday","workingday","weathersit","temp","atemp","hum","windspeed","cnt","ridersup"
"1",0,6,0,2,0.344167,0.363625,0.805833,0.160446,985,"NOTUP"
"2",0,0,0,2,0.363478,0.353739,0.696087,0.248539,801,"NOTUP"
"3",0,1,1,1,0.196364,0.189405,0.437273,0.248309,1349,"NOTUP"
"4",0,2,1,1,0.2,0.212122,0.590435,0.160296,1562,"NOTUP"
"5",0,3,1,1,0.226957,0.22927,0.436957,0.1869,1600,"NOTUP"
"6",0,4,1,1,0.204348,0.233209,0.518261,0.0895652,1606,"NOTUP"
"7",0,5,1,2,0.196522,0.208839,0.498696,0.168726,1510,"NOTUP"
"8",0,6,0,2,0.165,0.162254,0.535833,0.266804,959,"NOTUP"
"9",0,0,0,1,0.138333,0.116175,0.434167,0.36195,822,"NOTUP"
"10",0,1,1,1,0.150833,0.150888,0.482917,0.223267,1321,"NOTUP"
"11",0,2,1,2,0.169091,0.191464,0.686364,0.122132,1263,"NOTUP"
"12",0,3,1,1,0.172727,0.160473,0.599545,0.304627,1162,"NOTUP"
"13",0,4,1,1,0.165,0.150883,0.470417,0.301,1406,"NOTUP"
"14",0,5,1,1,0.16087,0.188413,0.537826,0.126548,1421,"NOTUP"
"15",0,6,0,2,0.233333,0.248112,0.49875,0.157963,1248,"NOTUP"
"16",0,0,0,1,0.231667,0.234217,0.48375,0.188433,1204,"NOTUP"
"17",1,1,0,2,0.175833,0.176771,0.5375,0.194017,1000,"NOTUP"
"18",0,2,1,2,0.216667,0.232333,0.861667,0.146775,683,"NOTUP"
"19",0,3,1,2,0.292174,0.298422,0.741739,0.208317,1650,"NOTUP"
"20",0,4,1,2,0.261667,0.25505,0.538333,0.195904,1927,"NOTUP"
"21",0,5,1,1,0.1775,0.157833,0.457083,0.353242,1543,"NOTUP"
"22",0,6,0,1,0.0591304,0.0790696,0.4,0.17197,981,"NOTUP"
"23",0,0,0,1,0.0965217,0.0988391,0.436522,0.2466,986,"NOTUP"
"24",0,1,1,1,0.0973913,0.11793,0.491739,0.15833,1416,"NOTUP"
"25",0,2,1,2,0.223478,0.234526,0.616957,0.129796,1985,"NOTUP"
"26",0,3,1,3,0.2175,0.2036,0.8625,0.29385,506,"NOTUP"
"27",0,4,1,1,0.195,0.2197,0.6875,0.113837,431,"NOTUP"
"28",0,5,1,2,0.203478,0.223317,0.793043,0.1233,1167,"NOTUP"
"29",0,6,0,1,0.196522,0.212126,0.651739,0.145365,1098,"NOTUP"
"30",0,0,0,1,0.216522,0.250322,0.722174,0.0739826,1096,"NOTUP"
"31",0,1,1,2,0.180833,0.18625,0.60375,0.187192,1501,"NOTUP"
"32",0,2,1,2,0.192174,0.23453,0.829565,0.053213,1360,"NOTUP"
"33",0,3,1,2,0.26,0.254417,0.775417,0.264308,1526,"NOTUP"
"34",0,4,1,1,0.186957,0.177878,0.437826,0.277752,1550,"NOTUP"
"35",0,5,1,2,0.211304,0.228587,0.585217,0.127839,1708,"NOTUP"
"36",0,6,0,2,0.233333,0.243058,0.929167,0.161079,1005,"NOTUP"
"37",0,0,0,1,0.285833,0.291671,0.568333,0.1418,1623,"NOTUP"
"38",0,1,1,1,0.271667,0.303658,0.738333,0.0454083,1712,"NOTUP"
"39",0,2,1,1,0.220833,0.198246,0.537917,0.36195,1530,"NOTUP"
"40",0,3,1,2,0.134783,0.144283,0.494783,0.188839,1605,"NOTUP"
"41",0,4,1,1,0.144348,0.149548,0.437391,0.221935,1538,"NOTUP"
"42",0,5,1,1,0.189091,0.213509,0.506364,0.10855,1746,"NOTUP"
"43",0,6,0,1,0.2225,0.232954,0.544167,0.203367,1472,"NOTUP"
"44",0,0,0,1,0.316522,0.324113,0.457391,0.260883,1589,"NOTUP"
"45",0,1,1,1,0.415,0.39835,0.375833,0.417908,1913,"NOTUP"
"46",0,2,1,1,0.266087,0.254274,0.314348,0.291374,1815,"NOTUP"
"47",0,3,1,1,0.318261,0.3162,0.423478,0.251791,2115,"NOTUP"
"48",0,4,1,1,0.435833,0.428658,0.505,0.230104,2475,"NOTUP"
"49",0,5,1,1,0.521667,0.511983,0.516667,0.264925,2927,"NOTUP"
"50",0,6,0,1,0.399167,0.391404,0.187917,0.507463,1635,"NOTUP"
"51",0,0,0,1,0.285217,0.27733,0.407826,0.223235,1812,"NOTUP"
"52",1,1,0,2,0.303333,0.284075,0.605,0.307846,1107,"NOTUP"
"53",0,2,1,1,0.182222,0.186033,0.577778,0.195683,1450,"NOTUP"
"54",0,3,1,1,0.221739,0.245717,0.423043,0.094113,1917,"NOTUP"
"55",0,4,1,2,0.295652,0.289191,0.697391,0.250496,1807,"NOTUP"
"56",0,5,1,2,0.364348,0.350461,0.712174,0.346539,1461,"NOTUP"
"57",0,6,0,1,0.2825,0.282192,0.537917,0.186571,1969,"NOTUP"
"58",0,0,0,1,0.343478,0.351109,0.68,0.125248,2402,"NOTUP"
"59",0,1,1,2,0.407273,0.400118,0.876364,0.289686,1446,"NOTUP"
"60",0,2,1,1,0.266667,0.263879,0.535,0.216425,1851,"NOTUP"
"61",0,3,1,1,0.335,0.320071,0.449583,0.307833,2134,"NOTUP"
"62",0,4,1,1,0.198333,0.200133,0.318333,0.225754,1685,"NOTUP"
"63",0,5,1,2,0.261667,0.255679,0.610417,0.203346,1944,"NOTUP"
"64",0,6,0,2,0.384167,0.378779,0.789167,0.251871,2077,"NOTUP"
"65",0,0,0,2,0.376522,0.366252,0.948261,0.343287,605,"NOTUP"
"66",0,1,1,1,0.261739,0.238461,0.551304,0.341352,1872,"NOTUP"
"67",0,2,1,1,0.2925,0.3024,0.420833,0.12065,2133,"NOTUP"
"68",0,3,1,2,0.295833,0.286608,0.775417,0.22015,1891,"NOTUP"
"69",0,4,1,3,0.389091,0.385668,0,0.261877,623,"NOTUP"
"70",0,5,1,2,0.316522,0.305,0.649565,0.23297,1977,"NOTUP"
"71",0,6,0,1,0.329167,0.32575,0.594583,0.220775,2132,"NOTUP"
"72",0,0,0,1,0.384348,0.380091,0.527391,0.270604,2417,"NOTUP"
"73",0,1,1,1,0.325217,0.332,0.496957,0.136926,2046,"NOTUP"
"74",0,2,1,2,0.317391,0.318178,0.655652,0.184309,2056,"NOTUP"
"75",0,3,1,2,0.365217,0.36693,0.776522,0.203117,2192,"NOTUP"
"76",0,4,1,1,0.415,0.410333,0.602917,0.209579,2744,"NOTUP"
"77",0,5,1,1,0.54,0.527009,0.525217,0.231017,3239,"NOTUP"
"78",0,6,0,1,0.4725,0.466525,0.379167,0.368167,3117,"NOTUP"
"79",0,0,0,1,0.3325,0.32575,0.47375,0.207721,2471,"NOTUP"
"80",0,1,1,2,0.430435,0.409735,0.737391,0.288783,2077,"NOTUP"
"81",0,2,1,1,0.441667,0.440642,0.624583,0.22575,2703,"NOTUP"
"82",0,3,1,2,0.346957,0.337939,0.839565,0.234261,2121,"NOTUP"
"83",0,4,1,2,0.285,0.270833,0.805833,0.243787,1865,"NOTUP"
"84",0,5,1,1,0.264167,0.256312,0.495,0.230725,2210,"NOTUP"
"85",0,6,0,1,0.265833,0.257571,0.394167,0.209571,2496,"NOTUP"
"86",0,0,0,2,0.253043,0.250339,0.493913,0.1843,1693,"NOTUP"
"87",0,1,1,1,0.264348,0.257574,0.302174,0.212204,2028,"NOTUP"
"88",0,2,1,1,0.3025,0.292908,0.314167,0.226996,2425,"NOTUP"
"89",0,3,1,2,0.3,0.29735,0.646667,0.172888,1536,"NOTUP"
"90",0,4,1,3,0.268333,0.257575,0.918333,0.217646,1685,"NOTUP"
"91",0,5,1,2,0.3,0.283454,0.68625,0.258708,2227,"NOTUP"
"92",0,6,0,2,0.315,0.315637,0.65375,0.197146,2252,"NOTUP"
"93",0,0,0,1,0.378333,0.378767,0.48,0.182213,3249,"NOTUP"
"94",0,1,1,1,0.573333,0.542929,0.42625,0.385571,3115,"NOTUP"
"95",0,2,1,2,0.414167,0.39835,0.642083,0.388067,1795,"NOTUP"
"96",0,3,1,1,0.390833,0.387608,0.470833,0.263063,2808,"NOTUP"
"97",0,4,1,1,0.4375,0.433696,0.602917,0.162312,3141,"NOTUP"
"98",0,5,1,2,0.335833,0.324479,0.83625,0.226992,1471,"NOTUP"
"99",0,6,0,2,0.3425,0.341529,0.8775,0.133083,2455,"NOTUP"
"100",0,0,0,2,0.426667,0.426737,0.8575,0.146767,2895,"NOTUP"
"101",0,1,1,2,0.595652,0.565217,0.716956,0.324474,3348,"NOTUP"
"102",0,2,1,2,0.5025,0.493054,0.739167,0.274879,2034,"NOTUP"
"103",0,3,1,2,0.4125,0.417283,0.819167,0.250617,2162,"NOTUP"
"104",0,4,1,1,0.4675,0.462742,0.540417,0.1107,3267,"NOTUP"
"105",1,5,0,1,0.446667,0.441913,0.67125,0.226375,3126,"NOTUP"
"106",0,6,0,3,0.430833,0.425492,0.888333,0.340808,795,"NOTUP"
"107",0,0,0,1,0.456667,0.445696,0.479583,0.303496,3744,"NOTUP"
"108",0,1,1,1,0.5125,0.503146,0.5425,0.163567,3429,"NOTUP"
"109",0,2,1,2,0.505833,0.489258,0.665833,0.157971,3204,"NOTUP"
"110",0,3,1,1,0.595,0.564392,0.614167,0.241925,3944,"NOTUP"
"111",0,4,1,1,0.459167,0.453892,0.407083,0.325258,4189,"NOTUP"
"112",0,5,1,2,0.336667,0.321954,0.729583,0.219521,1683,"NOTUP"
"113",0,6,0,2,0.46,0.450121,0.887917,0.230725,4036,"NOTUP"
"114",0,0,0,2,0.581667,0.551763,0.810833,0.192175,4191,"NOTUP"
"115",0,1,1,1,0.606667,0.5745,0.776667,0.185333,4073,"NOTUP"
"116",0,2,1,1,0.631667,0.594083,0.729167,0.3265,4400,"NOTUP"
"117",0,3,1,2,0.62,0.575142,0.835417,0.3122,3872,"NOTUP"
"118",0,4,1,2,0.6175,0.578929,0.700833,0.320908,4058,"NOTUP"
"119",0,5,1,1,0.51,0.497463,0.457083,0.240063,4595,"UP"
"120",0,6,0,1,0.4725,0.464021,0.503333,0.235075,5312,"UP"
"121",0,0,0,2,0.451667,0.448204,0.762083,0.106354,3351,"NOTUP"
"122",0,1,1,2,0.549167,0.532833,0.73,0.183454,4401,"NOTUP"
"123",0,2,1,2,0.616667,0.582079,0.697083,0.342667,4451,"NOTUP"
"124",0,3,1,2,0.414167,0.40465,0.737083,0.328996,2633,"NOTUP"
"125",0,4,1,1,0.459167,0.441917,0.444167,0.295392,4433,"NOTUP"
"126",0,5,1,1,0.479167,0.474117,0.59,0.228246,4608,"UP"
"127",0,6,0,1,0.52,0.512621,0.54125,0.16045,4714,"UP"
"128",0,0,0,1,0.528333,0.518933,0.631667,0.0746375,4333,"NOTUP"
"129",0,1,1,1,0.5325,0.525246,0.58875,0.176,4362,"NOTUP"
"130",0,2,1,1,0.5325,0.522721,0.489167,0.115671,4803,"UP"
"131",0,3,1,1,0.5425,0.5284,0.632917,0.120642,4182,"NOTUP"
"132",0,4,1,1,0.535,0.523363,0.7475,0.189667,4864,"UP"
"133",0,5,1,2,0.5125,0.4943,0.863333,0.179725,4105,"NOTUP"
"134",0,6,0,2,0.520833,0.500629,0.9225,0.13495,3409,"NOTUP"
"135",0,0,0,2,0.5625,0.536,0.867083,0.152979,4553,"UP"
"136",0,1,1,1,0.5775,0.550512,0.787917,0.126871,3958,"NOTUP"
"137",0,2,1,2,0.561667,0.538529,0.837917,0.277354,4123,"NOTUP"
"138",0,3,1,2,0.55,0.527158,0.87,0.201492,3855,"NOTUP"
"139",0,4,1,2,0.530833,0.510742,0.829583,0.108213,4575,"UP"
"140",0,5,1,1,0.536667,0.529042,0.719583,0.125013,4917,"UP"
"141",0,6,0,1,0.6025,0.571975,0.626667,0.12065,5805,"UP"
"142",0,0,0,1,0.604167,0.5745,0.749583,0.148008,4660,"UP"
"143",0,1,1,2,0.631667,0.590296,0.81,0.233842,4274,"NOTUP"
"144",0,2,1,2,0.66,0.604813,0.740833,0.207092,4492,"NOTUP"
"145",0,3,1,1,0.660833,0.615542,0.69625,0.154233,4978,"UP"
"146",0,4,1,1,0.708333,0.654688,0.6775,0.199642,4677,"UP"
"147",0,5,1,1,0.681667,0.637008,0.65375,0.240679,4679,"UP"
"148",0,6,0,1,0.655833,0.612379,0.729583,0.230092,4758,"UP"
"149",0,0,0,1,0.6675,0.61555,0.81875,0.213938,4788,"UP"
"150",1,1,0,1,0.733333,0.671092,0.685,0.131225,4098,"NOTUP"
"151",0,2,1,1,0.775,0.725383,0.636667,0.111329,3982,"NOTUP"
"152",0,3,1,2,0.764167,0.720967,0.677083,0.207092,3974,"NOTUP"
"153",0,4,1,1,0.715,0.643942,0.305,0.292287,4968,"UP"
"154",0,5,1,1,0.62,0.587133,0.354167,0.253121,5312,"UP"
"155",0,6,0,1,0.635,0.594696,0.45625,0.123142,5342,"UP"
"156",0,0,0,2,0.648333,0.616804,0.6525,0.138692,4906,"UP"
"157",0,1,1,1,0.678333,0.621858,0.6,0.121896,4548,"NOTUP"
"158",0,2,1,1,0.7075,0.65595,0.597917,0.187808,4833,"UP"
"159",0,3,1,1,0.775833,0.727279,0.622083,0.136817,4401,"NOTUP"
"160",0,4,1,2,0.808333,0.757579,0.568333,0.149883,3915,"NOTUP"
"161",0,5,1,1,0.755,0.703292,0.605,0.140554,4586,"UP"
"162",0,6,0,1,0.725,0.678038,0.654583,0.15485,4966,"UP"
"163",0,0,0,1,0.6925,0.643325,0.747917,0.163567,4460,"NOTUP"
"164",0,1,1,1,0.635,0.601654,0.494583,0.30535,5020,"UP"
"165",0,2,1,1,0.604167,0.591546,0.507083,0.269283,4891,"UP"
"166",0,3,1,1,0.626667,0.587754,0.471667,0.167912,5180,"UP"
"167",0,4,1,2,0.628333,0.595346,0.688333,0.206471,3767,"NOTUP"
"168",0,5,1,1,0.649167,0.600383,0.735833,0.143029,4844,"UP"
"169",0,6,0,1,0.696667,0.643954,0.670417,0.119408,5119,"UP"
"170",0,0,0,2,0.699167,0.645846,0.666667,0.102,4744,"UP"
"171",0,1,1,2,0.635,0.595346,0.74625,0.155475,4010,"NOTUP"
"172",0,2,1,2,0.680833,0.637646,0.770417,0.171025,4835,"UP"
"173",0,3,1,1,0.733333,0.693829,0.7075,0.172262,4507,"NOTUP"
"174",0,4,1,2,0.728333,0.693833,0.703333,0.238804,4790,"UP"
"175",0,5,1,1,0.724167,0.656583,0.573333,0.222025,4991,"UP"
"176",0,6,0,1,0.695,0.643313,0.483333,0.209571,5202,"UP"
"177",0,0,0,1,0.68,0.637629,0.513333,0.0945333,5305,"UP"
"178",0,1,1,2,0.6825,0.637004,0.658333,0.107588,4708,"UP"
"179",0,2,1,1,0.744167,0.692558,0.634167,0.144283,4648,"UP"
"180",0,3,1,1,0.728333,0.654688,0.497917,0.261821,5225,"UP"
"181",0,4,1,1,0.696667,0.637008,0.434167,0.185312,5515,"UP"
"182",0,5,1,1,0.7225,0.652162,0.39625,0.102608,5362,"UP"
"183",0,6,0,1,0.738333,0.667308,0.444583,0.115062,5119,"UP"
"184",0,0,0,2,0.716667,0.668575,0.6825,0.228858,4649,"UP"
"185",1,1,0,2,0.726667,0.665417,0.637917,0.0814792,6043,"UP"
"186",0,2,1,1,0.746667,0.696338,0.590417,0.126258,4665,"UP"
"187",0,3,1,1,0.72,0.685633,0.743333,0.149883,4629,"UP"
"188",0,4,1,1,0.75,0.686871,0.65125,0.1592,4592,"UP"
"189",0,5,1,2,0.709167,0.670483,0.757917,0.225129,4040,"NOTUP"
"190",0,6,0,1,0.733333,0.664158,0.609167,0.167912,5336,"UP"
"191",0,0,0,1,0.7475,0.690025,0.578333,0.183471,4881,"UP"
"192",0,1,1,1,0.7625,0.729804,0.635833,0.282337,4086,"NOTUP"
"193",0,2,1,1,0.794167,0.739275,0.559167,0.200254,4258,"NOTUP"
"194",0,3,1,1,0.746667,0.689404,0.631667,0.146133,4342,"NOTUP"
"195",0,4,1,1,0.680833,0.635104,0.47625,0.240667,5084,"UP"
"196",0,5,1,1,0.663333,0.624371,0.59125,0.182833,5538,"UP"
"197",0,6,0,1,0.686667,0.638263,0.585,0.208342,5923,"UP"
"198",0,0,0,1,0.719167,0.669833,0.604167,0.245033,5302,"UP"
"199",0,1,1,1,0.746667,0.703925,0.65125,0.215804,4458,"NOTUP"
"200",0,2,1,1,0.776667,0.747479,0.650417,0.1306,4541,"NOTUP"
"201",0,3,1,1,0.768333,0.74685,0.707083,0.113817,4332,"NOTUP"
"202",0,4,1,2,0.815,0.826371,0.69125,0.222021,3784,"NOTUP"
"203",0,5,1,1,0.848333,0.840896,0.580417,0.1331,3387,"NOTUP"
"204",0,6,0,1,0.849167,0.804287,0.5,0.131221,3285,"NOTUP"
"205",0,0,0,1,0.83,0.794829,0.550833,0.169171,3606,"NOTUP"
"206",0,1,1,1,0.743333,0.720958,0.757083,0.0908083,3840,"NOTUP"
"207",0,2,1,1,0.771667,0.696979,0.540833,0.200258,4590,"UP"
"208",0,3,1,1,0.775,0.690667,0.402917,0.183463,4656,"UP"
"209",0,4,1,1,0.779167,0.7399,0.583333,0.178479,4390,"NOTUP"
"210",0,5,1,1,0.838333,0.785967,0.5425,0.174138,3846,"NOTUP"
"211",0,6,0,1,0.804167,0.728537,0.465833,0.168537,4475,"NOTUP"
"212",0,0,0,1,0.805833,0.729796,0.480833,0.164813,4302,"NOTUP"
"213",0,1,1,1,0.771667,0.703292,0.550833,0.156717,4266,"NOTUP"
"214",0,2,1,1,0.783333,0.707071,0.49125,0.20585,4845,"UP"
"215",0,3,1,2,0.731667,0.679937,0.6575,0.135583,3574,"NOTUP"
"216",0,4,1,2,0.71,0.664788,0.7575,0.19715,4576,"UP"
"217",0,5,1,1,0.710833,0.656567,0.630833,0.184696,4866,"UP"
"218",0,6,0,2,0.716667,0.676154,0.755,0.22825,4294,"NOTUP"
"219",0,0,0,1,0.7425,0.715292,0.752917,0.201487,3785,"NOTUP"
"220",0,1,1,1,0.765,0.703283,0.592083,0.192175,4326,"NOTUP"
"221",0,2,1,1,0.775,0.724121,0.570417,0.151121,4602,"UP"
"222",0,3,1,1,0.766667,0.684983,0.424167,0.200258,4780,"UP"
"223",0,4,1,1,0.7175,0.651521,0.42375,0.164796,4792,"UP"
"224",0,5,1,1,0.708333,0.654042,0.415,0.125621,4905,"UP"
"225",0,6,0,2,0.685833,0.645858,0.729583,0.211454,4150,"NOTUP"
"226",0,0,0,2,0.676667,0.624388,0.8175,0.222633,3820,"NOTUP"
"227",0,1,1,1,0.665833,0.616167,0.712083,0.208954,4338,"NOTUP"
"228",0,2,1,1,0.700833,0.645837,0.578333,0.236329,4725,"UP"
"229",0,3,1,1,0.723333,0.666671,0.575417,0.143667,4694,"UP"
"230",0,4,1,1,0.711667,0.662258,0.654583,0.233208,3805,"NOTUP"
"231",0,5,1,2,0.685,0.633221,0.722917,0.139308,4153,"NOTUP"
"232",0,6,0,1,0.6975,0.648996,0.674167,0.104467,5191,"UP"
"233",0,0,0,1,0.710833,0.675525,0.77,0.248754,3873,"NOTUP"
"234",0,1,1,1,0.691667,0.638254,0.47,0.27675,4758,"UP"
"235",0,2,1,1,0.640833,0.606067,0.455417,0.146763,5895,"UP"
"236",0,3,1,1,0.673333,0.630692,0.605,0.253108,5130,"UP"
"237",0,4,1,2,0.684167,0.645854,0.771667,0.210833,3542,"NOTUP"
"238",0,5,1,1,0.7,0.659733,0.76125,0.0839625,4661,"UP"
"239",0,6,0,2,0.68,0.635556,0.85,0.375617,1115,"NOTUP"
"240",0,0,0,1,0.707059,0.647959,0.561765,0.304659,4334,"NOTUP"
"241",0,1,1,1,0.636667,0.607958,0.554583,0.159825,4634,"UP"
"242",0,2,1,1,0.639167,0.594704,0.548333,0.125008,5204,"UP"
"243",0,3,1,1,0.656667,0.611121,0.597917,0.0833333,5058,"UP"
"244",0,4,1,1,0.655,0.614921,0.639167,0.141796,5115,"UP"
"245",0,5,1,2,0.643333,0.604808,0.727083,0.139929,4727,"UP"
"246",0,6,0,1,0.669167,0.633213,0.716667,0.185325,4484,"NOTUP"
"247",0,0,0,1,0.709167,0.665429,0.742083,0.206467,4940,"UP"
"248",1,1,0,2,0.673333,0.625646,0.790417,0.212696,3351,"NOTUP"
"249",0,2,1,3,0.54,0.5152,0.886957,0.343943,2710,"NOTUP"
"250",0,3,1,3,0.599167,0.544229,0.917083,0.0970208,1996,"NOTUP"
"251",0,4,1,3,0.633913,0.555361,0.939565,0.192748,1842,"NOTUP"
"252",0,5,1,2,0.65,0.578946,0.897917,0.124379,3544,"NOTUP"
"253",0,6,0,1,0.66,0.607962,0.75375,0.153608,5345,"UP"
"254",0,0,0,1,0.653333,0.609229,0.71375,0.115054,5046,"UP"
"255",0,1,1,1,0.644348,0.60213,0.692174,0.088913,4713,"UP"
"256",0,2,1,1,0.650833,0.603554,0.7125,0.141804,4763,"UP"
"257",0,3,1,1,0.673333,0.6269,0.697083,0.1673,4785,"UP"
"258",0,4,1,2,0.5775,0.553671,0.709167,0.271146,3659,"NOTUP"
"259",0,5,1,2,0.469167,0.461475,0.590417,0.164183,4760,"UP"
"260",0,6,0,2,0.491667,0.478512,0.718333,0.189675,4511,"NOTUP"
"261",0,0,0,1,0.5075,0.490537,0.695,0.178483,4274,"NOTUP"
"262",0,1,1,2,0.549167,0.529675,0.69,0.151742,4539,"NOTUP"
"263",0,2,1,2,0.561667,0.532217,0.88125,0.134954,3641,"NOTUP"
"264",0,3,1,2,0.595,0.550533,0.9,0.0964042,4352,"NOTUP"
"265",0,4,1,2,0.628333,0.554963,0.902083,0.128125,4795,"UP"
"266",0,5,1,2,0.609167,0.522125,0.9725,0.0783667,2395,"NOTUP"
"267",0,6,0,2,0.606667,0.564412,0.8625,0.0783833,5423,"UP"
"268",0,0,0,2,0.634167,0.572637,0.845,0.0503792,5010,"UP"
"269",0,1,1,2,0.649167,0.589042,0.848333,0.1107,4630,"UP"
"270",0,2,1,2,0.636667,0.574525,0.885417,0.118171,4120,"NOTUP"
"271",0,3,1,2,0.635,0.575158,0.84875,0.148629,3907,"NOTUP"
"272",0,4,1,1,0.616667,0.574512,0.699167,0.172883,4839,"UP"
"273",0,5,1,1,0.564167,0.544829,0.6475,0.206475,5202,"UP"
"274",0,6,0,2,0.41,0.412863,0.75375,0.292296,2429,"NOTUP"
"275",0,0,0,2,0.356667,0.345317,0.791667,0.222013,2918,"NOTUP"
"276",0,1,1,2,0.384167,0.392046,0.760833,0.0833458,3570,"NOTUP"
"277",0,2,1,1,0.484167,0.472858,0.71,0.205854,4456,"NOTUP"
"278",0,3,1,1,0.538333,0.527138,0.647917,0.17725,4826,"UP"
"279",0,4,1,1,0.494167,0.480425,0.620833,0.134954,4765,"UP"
"280",0,5,1,1,0.510833,0.504404,0.684167,0.0223917,4985,"UP"
"281",0,6,0,1,0.521667,0.513242,0.70125,0.0454042,5409,"UP"
"282",0,0,0,1,0.540833,0.523983,0.7275,0.06345,5511,"UP"
"283",1,1,0,1,0.570833,0.542925,0.73375,0.0423042,5117,"UP"
"284",0,2,1,2,0.566667,0.546096,0.80875,0.143042,4563,"UP"
"285",0,3,1,3,0.543333,0.517717,0.90625,0.24815,2416,"NOTUP"
"286",0,4,1,2,0.589167,0.551804,0.896667,0.141787,2913,"NOTUP"
"287",0,5,1,2,0.550833,0.529675,0.71625,0.223883,3644,"NOTUP"
"288",0,6,0,1,0.506667,0.498725,0.483333,0.258083,5217,"UP"
"289",0,0,0,1,0.511667,0.503154,0.486667,0.281717,5041,"UP"
"290",0,1,1,1,0.534167,0.510725,0.579583,0.175379,4570,"UP"
"291",0,2,1,2,0.5325,0.522721,0.701667,0.110087,4748,"UP"
"292",0,3,1,3,0.541739,0.513848,0.895217,0.243339,2424,"NOTUP"
"293",0,4,1,1,0.475833,0.466525,0.63625,0.422275,4195,"NOTUP"
"294",0,5,1,1,0.4275,0.423596,0.574167,0.221396,4304,"NOTUP"
"295",0,6,0,1,0.4225,0.425492,0.629167,0.0926667,4308,"NOTUP"
"296",0,0,0,1,0.421667,0.422333,0.74125,0.0995125,4381,"NOTUP"
"297",0,1,1,1,0.463333,0.457067,0.772083,0.118792,4187,"NOTUP"
"298",0,2,1,1,0.471667,0.463375,0.622917,0.166658,4687,"UP"
"299",0,3,1,2,0.484167,0.472846,0.720417,0.148642,3894,"NOTUP"
"300",0,4,1,2,0.47,0.457046,0.812917,0.197763,2659,"NOTUP"
"301",0,5,1,2,0.330833,0.318812,0.585833,0.229479,3747,"NOTUP"
"302",0,6,0,3,0.254167,0.227913,0.8825,0.351371,627,"NOTUP"
"303",0,0,0,1,0.319167,0.321329,0.62375,0.176617,3331,"NOTUP"
"304",0,1,1,1,0.34,0.356063,0.703333,0.10635,3669,"NOTUP"
"305",0,2,1,1,0.400833,0.397088,0.68375,0.135571,4068,"NOTUP"
"306",0,3,1,1,0.3775,0.390133,0.71875,0.0820917,4186,"NOTUP"
"307",0,4,1,1,0.408333,0.405921,0.702083,0.136817,3974,"NOTUP"
"308",0,5,1,2,0.403333,0.403392,0.6225,0.271779,4046,"NOTUP"
"309",0,6,0,1,0.326667,0.323854,0.519167,0.189062,3926,"NOTUP"
"310",0,0,0,1,0.348333,0.362358,0.734583,0.0920542,3649,"NOTUP"
"311",0,1,1,1,0.395,0.400871,0.75875,0.057225,4035,"NOTUP"
"312",0,2,1,1,0.408333,0.412246,0.721667,0.0690375,4205,"NOTUP"
"313",0,3,1,1,0.4,0.409079,0.758333,0.0621958,4109,"NOTUP"
"314",0,4,1,2,0.38,0.373721,0.813333,0.189067,2933,"NOTUP"
"315",1,5,0,1,0.324167,0.306817,0.44625,0.314675,3368,"NOTUP"
"316",0,6,0,1,0.356667,0.357942,0.552917,0.212062,4067,"NOTUP"
"317",0,0,0,1,0.440833,0.43055,0.458333,0.281721,3717,"NOTUP"
"318",0,1,1,1,0.53,0.524612,0.587083,0.306596,4486,"NOTUP"
"319",0,2,1,2,0.53,0.507579,0.68875,0.199633,4195,"NOTUP"
"320",0,3,1,3,0.456667,0.451988,0.93,0.136829,1817,"NOTUP"
"321",0,4,1,2,0.341667,0.323221,0.575833,0.305362,3053,"NOTUP"
"322",0,5,1,1,0.274167,0.272721,0.41,0.168533,3392,"NOTUP"
"323",0,6,0,1,0.329167,0.324483,0.502083,0.224496,3663,"NOTUP"
"324",0,0,0,2,0.463333,0.457058,0.684583,0.18595,3520,"NOTUP"
"325",0,1,1,3,0.4475,0.445062,0.91,0.138054,2765,"NOTUP"
"326",0,2,1,3,0.416667,0.421696,0.9625,0.118792,1607,"NOTUP"
"327",0,3,1,2,0.440833,0.430537,0.757917,0.335825,2566,"NOTUP"
"328",1,4,0,1,0.373333,0.372471,0.549167,0.167304,1495,"NOTUP"
"329",0,5,1,1,0.375,0.380671,0.64375,0.0988958,2792,"NOTUP"
"330",0,6,0,1,0.375833,0.385087,0.681667,0.0684208,3068,"NOTUP"
"331",0,0,0,1,0.459167,0.4558,0.698333,0.208954,3071,"NOTUP"
"332",0,1,1,1,0.503478,0.490122,0.743043,0.142122,3867,"NOTUP"
"333",0,2,1,2,0.458333,0.451375,0.830833,0.258092,2914,"NOTUP"
"334",0,3,1,1,0.325,0.311221,0.613333,0.271158,3613,"NOTUP"
"335",0,4,1,1,0.3125,0.305554,0.524583,0.220158,3727,"NOTUP"
"336",0,5,1,1,0.314167,0.331433,0.625833,0.100754,3940,"NOTUP"
"337",0,6,0,1,0.299167,0.310604,0.612917,0.0957833,3614,"NOTUP"
"338",0,0,0,1,0.330833,0.3491,0.775833,0.0839583,3485,"NOTUP"
"339",0,1,1,2,0.385833,0.393925,0.827083,0.0622083,3811,"NOTUP"
"340",0,2,1,3,0.4625,0.4564,0.949583,0.232583,2594,"NOTUP"
"341",0,3,1,3,0.41,0.400246,0.970417,0.266175,705,"NOTUP"
"342",0,4,1,1,0.265833,0.256938,0.58,0.240058,3322,"NOTUP"
"343",0,5,1,1,0.290833,0.317542,0.695833,0.0827167,3620,"NOTUP"
"344",0,6,0,1,0.275,0.266412,0.5075,0.233221,3190,"NOTUP"
"345",0,0,0,1,0.220833,0.253154,0.49,0.0665417,2743,"NOTUP"
"346",0,1,1,1,0.238333,0.270196,0.670833,0.06345,3310,"NOTUP"
"347",0,2,1,1,0.2825,0.301138,0.59,0.14055,3523,"NOTUP"
"348",0,3,1,2,0.3175,0.338362,0.66375,0.0609583,3740,"NOTUP"
"349",0,4,1,2,0.4225,0.412237,0.634167,0.268042,3709,"NOTUP"
"350",0,5,1,2,0.375,0.359825,0.500417,0.260575,3577,"NOTUP"
"351",0,6,0,2,0.258333,0.249371,0.560833,0.243167,2739,"NOTUP"
"352",0,0,0,1,0.238333,0.245579,0.58625,0.169779,2431,"NOTUP"
"353",0,1,1,1,0.276667,0.280933,0.6375,0.172896,3403,"NOTUP"
"354",0,2,1,2,0.385833,0.396454,0.595417,0.0615708,3750,"NOTUP"
"355",0,3,1,2,0.428333,0.428017,0.858333,0.2214,2660,"NOTUP"
"356",0,4,1,2,0.423333,0.426121,0.7575,0.047275,3068,"NOTUP"
"357",0,5,1,1,0.373333,0.377513,0.68625,0.274246,2209,"NOTUP"
"358",0,6,0,1,0.3025,0.299242,0.5425,0.190304,1011,"NOTUP"
"359",0,0,0,1,0.274783,0.279961,0.681304,0.155091,754,"NOTUP"
"360",1,1,0,1,0.321739,0.315535,0.506957,0.239465,1317,"NOTUP"
"361",0,2,1,2,0.325,0.327633,0.7625,0.18845,1162,"NOTUP"
"362",0,3,1,1,0.29913,0.279974,0.503913,0.293961,2302,"NOTUP"
"363",0,4,1,1,0.248333,0.263892,0.574167,0.119412,2423,"NOTUP"
"364",0,5,1,1,0.311667,0.318812,0.636667,0.134337,2999,"NOTUP"
"365",0,6,0,1,0.41,0.414121,0.615833,0.220154,2485,"NOTUP"
"366",0,0,0,1,0.37,0.375621,0.6925,0.192167,2294,"NOTUP"
"367",1,1,0,1,0.273043,0.252304,0.381304,0.329665,1951,"NOTUP"
"368",0,2,1,1,0.15,0.126275,0.44125,0.365671,2236,"NOTUP"
"369",0,3,1,2,0.1075,0.119337,0.414583,0.1847,2368,"NOTUP"
"370",0,4,1,1,0.265833,0.278412,0.524167,0.129987,3272,"NOTUP"
"371",0,5,1,1,0.334167,0.340267,0.542083,0.167908,4098,"NOTUP"
"372",0,6,0,1,0.393333,0.390779,0.531667,0.174758,4521,"NOTUP"
"373",0,0,0,1,0.3375,0.340258,0.465,0.191542,3425,"NOTUP"
"374",0,1,1,2,0.224167,0.247479,0.701667,0.0989,2376,"NOTUP"
"375",0,2,1,1,0.308696,0.318826,0.646522,0.187552,3598,"NOTUP"
"376",0,3,1,2,0.274167,0.282821,0.8475,0.131221,2177,"NOTUP"
"377",0,4,1,2,0.3825,0.381938,0.802917,0.180967,4097,"NOTUP"
"378",0,5,1,1,0.274167,0.249362,0.5075,0.378108,3214,"NOTUP"
"379",0,6,0,1,0.18,0.183087,0.4575,0.187183,2493,"NOTUP"
"380",0,0,0,1,0.166667,0.161625,0.419167,0.251258,2311,"NOTUP"
"381",1,1,0,1,0.19,0.190663,0.5225,0.231358,2298,"NOTUP"
"382",0,2,1,2,0.373043,0.364278,0.716087,0.34913,2935,"NOTUP"
"383",0,3,1,1,0.303333,0.275254,0.443333,0.415429,3376,"NOTUP"
"384",0,4,1,1,0.19,0.190038,0.4975,0.220158,3292,"NOTUP"
"385",0,5,1,2,0.2175,0.220958,0.45,0.20275,3163,"NOTUP"
"386",0,6,0,2,0.173333,0.174875,0.83125,0.222642,1301,"NOTUP"
"387",0,0,0,2,0.1625,0.16225,0.79625,0.199638,1977,"NOTUP"
"388",0,1,1,2,0.218333,0.243058,0.91125,0.110708,2432,"NOTUP"
"389",0,2,1,1,0.3425,0.349108,0.835833,0.123767,4339,"NOTUP"
"390",0,3,1,1,0.294167,0.294821,0.64375,0.161071,4270,"NOTUP"
"391",0,4,1,2,0.341667,0.35605,0.769583,0.0733958,4075,"NOTUP"
"392",0,5,1,2,0.425,0.415383,0.74125,0.342667,3456,"NOTUP"
"393",0,6,0,1,0.315833,0.326379,0.543333,0.210829,4023,"NOTUP"
"394",0,0,0,1,0.2825,0.272721,0.31125,0.24005,3243,"NOTUP"
"395",0,1,1,1,0.269167,0.262625,0.400833,0.215792,3624,"NOTUP"
"396",0,2,1,1,0.39,0.381317,0.416667,0.261817,4509,"NOTUP"
"397",0,3,1,1,0.469167,0.466538,0.507917,0.189067,4579,"UP"
"398",0,4,1,2,0.399167,0.398971,0.672917,0.187187,3761,"NOTUP"
"399",0,5,1,1,0.313333,0.309346,0.526667,0.178496,4151,"NOTUP"
"400",0,6,0,2,0.264167,0.272725,0.779583,0.121896,2832,"NOTUP"
"401",0,0,0,2,0.265833,0.264521,0.687917,0.175996,2947,"NOTUP"
"402",0,1,1,1,0.282609,0.296426,0.622174,0.1538,3784,"NOTUP"
"403",0,2,1,1,0.354167,0.361104,0.49625,0.147379,4375,"NOTUP"
"404",0,3,1,2,0.256667,0.266421,0.722917,0.133721,2802,"NOTUP"
"405",0,4,1,1,0.265,0.261988,0.562083,0.194037,3830,"NOTUP"
"406",0,5,1,2,0.280833,0.293558,0.54,0.116929,3831,"NOTUP"
"407",0,6,0,3,0.224167,0.210867,0.73125,0.289796,2169,"NOTUP"
"408",0,0,0,1,0.1275,0.101658,0.464583,0.409212,1529,"NOTUP"
"409",0,1,1,1,0.2225,0.227913,0.41125,0.167283,3422,"NOTUP"
"410",0,2,1,2,0.319167,0.333946,0.50875,0.141179,3922,"NOTUP"
"411",0,3,1,1,0.348333,0.351629,0.53125,0.1816,4169,"NOTUP"
"412",0,4,1,2,0.316667,0.330162,0.752917,0.091425,3005,"NOTUP"
"413",0,5,1,1,0.343333,0.351629,0.634583,0.205846,4154,"NOTUP"
"414",0,6,0,1,0.346667,0.355425,0.534583,0.190929,4318,"NOTUP"
"415",0,0,0,2,0.28,0.265788,0.515833,0.253112,2689,"NOTUP"
"416",1,1,0,1,0.28,0.273391,0.507826,0.229083,3129,"NOTUP"
"417",0,2,1,1,0.287826,0.295113,0.594348,0.205717,3777,"NOTUP"
"418",0,3,1,1,0.395833,0.392667,0.567917,0.234471,4773,"UP"
"419",0,4,1,1,0.454167,0.444446,0.554583,0.190913,5062,"UP"
"420",0,5,1,2,0.4075,0.410971,0.7375,0.237567,3487,"NOTUP"
"421",0,6,0,1,0.290833,0.255675,0.395833,0.421642,2732,"NOTUP"
"422",0,0,0,1,0.279167,0.268308,0.41,0.205229,3389,"NOTUP"
"423",0,1,1,1,0.366667,0.357954,0.490833,0.268033,4322,"NOTUP"
"424",0,2,1,1,0.359167,0.353525,0.395833,0.193417,4363,"NOTUP"
"425",0,3,1,2,0.344348,0.34847,0.804783,0.179117,1834,"NOTUP"
"426",0,4,1,1,0.485833,0.475371,0.615417,0.226987,4990,"UP"
"427",0,5,1,2,0.353333,0.359842,0.657083,0.144904,3194,"NOTUP"
"428",0,6,0,2,0.414167,0.413492,0.62125,0.161079,4066,"NOTUP"
"429",0,0,0,1,0.325833,0.303021,0.403333,0.334571,3423,"NOTUP"
"430",0,1,1,1,0.243333,0.241171,0.50625,0.228858,3333,"NOTUP"
"431",0,2,1,1,0.258333,0.255042,0.456667,0.200875,3956,"NOTUP"
"432",0,3,1,1,0.404167,0.3851,0.513333,0.345779,4916,"UP"
"433",0,4,1,1,0.5275,0.524604,0.5675,0.441563,5382,"UP"
"434",0,5,1,2,0.410833,0.397083,0.407083,0.4148,4569,"UP"
"435",0,6,0,1,0.2875,0.277767,0.350417,0.22575,4118,"NOTUP"
"436",0,0,0,1,0.361739,0.35967,0.476957,0.222587,4911,"UP"
"437",0,1,1,1,0.466667,0.459592,0.489167,0.207713,5298,"UP"
"438",0,2,1,1,0.565,0.542929,0.6175,0.23695,5847,"UP"
"439",0,3,1,1,0.5725,0.548617,0.507083,0.115062,6312,"UP"
"440",0,4,1,1,0.5575,0.532825,0.579583,0.149883,6192,"UP"
"441",0,5,1,2,0.435833,0.436229,0.842083,0.113192,4378,"NOTUP"
"442",0,6,0,2,0.514167,0.505046,0.755833,0.110704,7836,"UP"
"443",0,0,0,2,0.4725,0.464,0.81,0.126883,5892,"UP"
"444",0,1,1,1,0.545,0.532821,0.72875,0.162317,6153,"UP"
"445",0,2,1,1,0.560833,0.538533,0.807917,0.121271,6093,"UP"
"446",0,3,1,2,0.531667,0.513258,0.82125,0.0895583,6230,"UP"
"447",0,4,1,1,0.554167,0.531567,0.83125,0.117562,6871,"UP"
"448",0,5,1,2,0.601667,0.570067,0.694167,0.1163,8362,"UP"
"449",0,6,0,2,0.5025,0.486733,0.885417,0.192783,3372,"NOTUP"
"450",0,0,0,2,0.4375,0.437488,0.880833,0.220775,4996,"UP"
"451",0,1,1,1,0.445833,0.43875,0.477917,0.386821,5558,"UP"
"452",0,2,1,1,0.323333,0.315654,0.29,0.187192,5102,"UP"
"453",0,3,1,1,0.484167,0.47095,0.48125,0.291671,5698,"UP"
"454",0,4,1,1,0.494167,0.482304,0.439167,0.31965,6133,"UP"
"455",0,5,1,2,0.37,0.375621,0.580833,0.138067,5459,"UP"
"456",0,6,0,2,0.424167,0.421708,0.738333,0.250617,6235,"UP"
"457",0,0,0,2,0.425833,0.417287,0.67625,0.172267,6041,"UP"
"458",0,1,1,1,0.433913,0.427513,0.504348,0.312139,5936,"UP"
"459",0,2,1,1,0.466667,0.461483,0.396667,0.100133,6772,"UP"
"460",0,3,1,1,0.541667,0.53345,0.469583,0.180975,6436,"UP"
"461",0,4,1,1,0.435,0.431163,0.374167,0.219529,6457,"UP"
"462",0,5,1,1,0.403333,0.390767,0.377083,0.300388,6460,"UP"
"463",0,6,0,1,0.4375,0.426129,0.254167,0.274871,6857,"UP"
"464",0,0,0,1,0.5,0.492425,0.275833,0.232596,5169,"UP"
"465",0,1,1,1,0.489167,0.476638,0.3175,0.358196,5585,"UP"
"466",0,2,1,1,0.446667,0.436233,0.435,0.249375,5918,"UP"
"467",0,3,1,1,0.348696,0.337274,0.469565,0.295274,4862,"UP"
"468",0,4,1,1,0.3975,0.387604,0.46625,0.290429,5409,"UP"
"469",0,5,1,1,0.4425,0.431808,0.408333,0.155471,6398,"UP"
"470",0,6,0,1,0.495,0.487996,0.502917,0.190917,7460,"UP"
"471",0,0,0,1,0.606667,0.573875,0.507917,0.225129,7132,"UP"
"472",1,1,0,1,0.664167,0.614925,0.561667,0.284829,6370,"UP"
"473",0,2,1,1,0.608333,0.598487,0.390417,0.273629,6691,"UP"
"474",0,3,1,2,0.463333,0.457038,0.569167,0.167912,4367,"NOTUP"
"475",0,4,1,1,0.498333,0.493046,0.6125,0.0659292,6565,"UP"
"476",0,5,1,1,0.526667,0.515775,0.694583,0.149871,7290,"UP"
"477",0,6,0,1,0.57,0.542921,0.682917,0.283587,6624,"UP"
"478",0,0,0,3,0.396667,0.389504,0.835417,0.344546,1027,"NOTUP"
"479",0,1,1,2,0.321667,0.301125,0.766667,0.303496,3214,"NOTUP"
"480",0,2,1,1,0.413333,0.405283,0.454167,0.249383,5633,"UP"
"481",0,3,1,1,0.476667,0.470317,0.427917,0.118792,6196,"UP"
"482",0,4,1,2,0.498333,0.483583,0.756667,0.176625,5026,"UP"
"483",0,5,1,1,0.4575,0.452637,0.400833,0.347633,6233,"UP"
"484",0,6,0,2,0.376667,0.377504,0.489583,0.129975,4220,"NOTUP"
"485",0,0,0,1,0.458333,0.450121,0.587083,0.116908,6304,"UP"
"486",0,1,1,2,0.464167,0.457696,0.57,0.171638,5572,"UP"
"487",0,2,1,2,0.613333,0.577021,0.659583,0.156096,5740,"UP"
"488",0,3,1,1,0.564167,0.537896,0.797083,0.138058,6169,"UP"
"489",0,4,1,2,0.56,0.537242,0.768333,0.133696,6421,"UP"
"490",0,5,1,1,0.6275,0.590917,0.735417,0.162938,6296,"UP"
"491",0,6,0,2,0.621667,0.584608,0.756667,0.152992,6883,"UP"
"492",0,0,0,2,0.5625,0.546737,0.74,0.149879,6359,"UP"
"493",0,1,1,2,0.5375,0.527142,0.664167,0.230721,6273,"UP"
"494",0,2,1,2,0.581667,0.557471,0.685833,0.296029,5728,"UP"
"495",0,3,1,2,0.575,0.553025,0.744167,0.216412,4717,"UP"
"496",0,4,1,1,0.505833,0.491783,0.552083,0.314063,6572,"UP"
"497",0,5,1,1,0.533333,0.520833,0.360417,0.236937,7030,"UP"
"498",0,6,0,1,0.564167,0.544817,0.480417,0.123133,7429,"UP"
"499",0,0,0,1,0.6125,0.585238,0.57625,0.225117,6118,"UP"
"500",0,1,1,2,0.573333,0.5499,0.789583,0.212692,2843,"NOTUP"
"501",0,2,1,2,0.611667,0.576404,0.794583,0.147392,5115,"UP"
"502",0,3,1,1,0.636667,0.595975,0.697917,0.122512,7424,"UP"
"503",0,4,1,1,0.593333,0.572613,0.52,0.229475,7384,"UP"
"504",0,5,1,1,0.564167,0.551121,0.523333,0.136817,7639,"UP"
"505",0,6,0,1,0.6,0.566908,0.45625,0.083975,8294,"UP"
"506",0,0,0,1,0.620833,0.583967,0.530417,0.254367,7129,"UP"
"507",0,1,1,2,0.598333,0.565667,0.81125,0.233204,4359,"NOTUP"
"508",0,2,1,2,0.615,0.580825,0.765833,0.118167,6073,"UP"
"509",0,3,1,2,0.621667,0.584612,0.774583,0.102,5260,"UP"
"510",0,4,1,1,0.655,0.6067,0.716667,0.172896,6770,"UP"
"511",0,5,1,1,0.68,0.627529,0.747083,0.14055,6734,"UP"
"512",0,6,0,1,0.6925,0.642696,0.7325,0.198992,6536,"UP"
"513",0,0,0,1,0.69,0.641425,0.697083,0.215171,6591,"UP"
"514",1,1,0,1,0.7125,0.6793,0.67625,0.196521,6043,"UP"
"515",0,2,1,1,0.7225,0.672992,0.684583,0.2954,5743,"UP"
"516",0,3,1,2,0.656667,0.611129,0.67,0.134329,6855,"UP"
"517",0,4,1,1,0.68,0.631329,0.492917,0.195279,7338,"UP"
"518",0,5,1,2,0.654167,0.607962,0.755417,0.237563,4127,"NOTUP"
"519",0,6,0,1,0.583333,0.566288,0.549167,0.186562,8120,"UP"
"520",0,0,0,1,0.6025,0.575133,0.493333,0.184087,7641,"UP"
"521",0,1,1,1,0.5975,0.578283,0.487083,0.284833,6998,"UP"
"522",0,2,1,2,0.540833,0.525892,0.613333,0.209575,7001,"UP"
"523",0,3,1,1,0.554167,0.542292,0.61125,0.077125,7055,"UP"
"524",0,4,1,1,0.6025,0.569442,0.567083,0.15735,7494,"UP"
"525",0,5,1,1,0.649167,0.597862,0.467917,0.175383,7736,"UP"
"526",0,6,0,1,0.710833,0.648367,0.437083,0.144287,7498,"UP"
"527",0,0,0,1,0.726667,0.663517,0.538333,0.133721,6598,"UP"
"528",0,1,1,2,0.720833,0.659721,0.587917,0.207713,6664,"UP"
"529",0,2,1,2,0.653333,0.597875,0.833333,0.214546,4972,"UP"
"530",0,3,1,1,0.655833,0.611117,0.582083,0.343279,7421,"UP"
"531",0,4,1,1,0.648333,0.624383,0.569583,0.253733,7363,"UP"
"532",0,5,1,1,0.639167,0.599754,0.589583,0.176617,7665,"UP"
"533",0,6,0,1,0.631667,0.594708,0.504167,0.166667,7702,"UP"
"534",0,0,0,1,0.5925,0.571975,0.59875,0.144904,6978,"UP"
"535",0,1,1,2,0.568333,0.544842,0.777917,0.174746,5099,"UP"
"536",0,2,1,1,0.688333,0.654692,0.69,0.148017,6825,"UP"
"537",0,3,1,1,0.7825,0.720975,0.592083,0.113812,6211,"UP"
"538",0,4,1,1,0.805833,0.752542,0.567917,0.118787,5905,"UP"
"539",0,5,1,1,0.7775,0.724121,0.57375,0.182842,5823,"UP"
"540",0,6,0,1,0.731667,0.652792,0.534583,0.179721,7458,"UP"
"541",0,0,0,1,0.743333,0.674254,0.479167,0.145525,6891,"UP"
"542",0,1,1,1,0.715833,0.654042,0.504167,0.300383,6779,"UP"
"543",0,2,1,1,0.630833,0.594704,0.373333,0.347642,7442,"UP"
"544",0,3,1,1,0.6975,0.640792,0.36,0.271775,7335,"UP"
"545",0,4,1,1,0.749167,0.675512,0.4225,0.17165,6879,"UP"
"546",0,5,1,1,0.834167,0.786613,0.48875,0.165417,5463,"UP"
"547",0,6,0,1,0.765,0.687508,0.60125,0.161071,5687,"UP"
"548",0,0,0,1,0.815833,0.750629,0.51875,0.168529,5531,"UP"
"549",0,1,1,1,0.781667,0.702038,0.447083,0.195267,6227,"UP"
"550",0,2,1,1,0.780833,0.70265,0.492083,0.126237,6660,"UP"
"551",1,3,0,1,0.789167,0.732337,0.53875,0.13495,7403,"UP"
"552",0,4,1,1,0.8275,0.761367,0.457917,0.194029,6241,"UP"
"553",0,5,1,1,0.828333,0.752533,0.450833,0.146142,6207,"UP"
"554",0,6,0,1,0.861667,0.804913,0.492083,0.163554,4840,"UP"
"555",0,0,0,1,0.8225,0.790396,0.57375,0.125629,4672,"UP"
"556",0,1,1,2,0.710833,0.654054,0.683333,0.180975,6569,"UP"
"557",0,2,1,2,0.720833,0.664796,0.6675,0.151737,6290,"UP"
"558",0,3,1,1,0.716667,0.650271,0.633333,0.151733,7264,"UP"
"559",0,4,1,1,0.715833,0.654683,0.529583,0.146775,7446,"UP"
"560",0,5,1,2,0.731667,0.667933,0.485833,0.08085,7499,"UP"
"561",0,6,0,2,0.703333,0.666042,0.699167,0.143679,6969,"UP"
"562",0,0,0,1,0.745833,0.705196,0.717917,0.166667,6031,"UP"
"563",0,1,1,1,0.763333,0.724125,0.645,0.164187,6830,"UP"
"564",0,2,1,1,0.818333,0.755683,0.505833,0.114429,6786,"UP"
"565",0,3,1,1,0.793333,0.745583,0.577083,0.137442,5713,"UP"
"566",0,4,1,1,0.77,0.714642,0.600417,0.165429,6591,"UP"
"567",0,5,1,2,0.665833,0.613025,0.844167,0.208967,5870,"UP"
"568",0,6,0,3,0.595833,0.549912,0.865417,0.2133,4459,"NOTUP"
"569",0,0,0,2,0.6675,0.623125,0.7625,0.0939208,7410,"UP"
"570",0,1,1,1,0.741667,0.690017,0.694167,0.138683,6966,"UP"
"571",0,2,1,1,0.750833,0.70645,0.655,0.211454,7592,"UP"
"572",0,3,1,1,0.724167,0.654054,0.45,0.1648,8173,"UP"
"573",0,4,1,1,0.776667,0.739263,0.596667,0.284813,6861,"UP"
"574",0,5,1,1,0.781667,0.734217,0.594583,0.152992,6904,"UP"
"575",0,6,0,1,0.755833,0.697604,0.613333,0.15735,6685,"UP"
"576",0,0,0,1,0.721667,0.667933,0.62375,0.170396,6597,"UP"
"577",0,1,1,1,0.730833,0.684987,0.66875,0.153617,7105,"UP"
"578",0,2,1,1,0.713333,0.662896,0.704167,0.165425,7216,"UP"
"579",0,3,1,1,0.7175,0.667308,0.6775,0.141179,7580,"UP"
"580",0,4,1,1,0.7525,0.707088,0.659583,0.129354,7261,"UP"
"581",0,5,1,2,0.765833,0.722867,0.6425,0.215792,7175,"UP"
"582",0,6,0,1,0.793333,0.751267,0.613333,0.257458,6824,"UP"
"583",0,0,0,1,0.769167,0.731079,0.6525,0.290421,5464,"UP"
"584",0,1,1,2,0.7525,0.710246,0.654167,0.129354,7013,"UP"
"585",0,2,1,2,0.735833,0.697621,0.70375,0.116908,7273,"UP"
"586",0,3,1,2,0.75,0.707717,0.672917,0.1107,7534,"UP"
"587",0,4,1,1,0.755833,0.699508,0.620417,0.1561,7286,"UP"
"588",0,5,1,2,0.715833,0.667942,0.715833,0.238813,5786,"UP"
"589",0,6,0,2,0.6925,0.638267,0.732917,0.206479,6299,"UP"
"590",0,0,0,1,0.700833,0.644579,0.530417,0.122512,6544,"UP"
"591",0,1,1,1,0.720833,0.662254,0.545417,0.136212,6883,"UP"
"592",0,2,1,1,0.726667,0.676779,0.686667,0.169158,6784,"UP"
"593",0,3,1,1,0.706667,0.654037,0.619583,0.169771,7347,"UP"
"594",0,4,1,1,0.719167,0.654688,0.519167,0.141796,7605,"UP"
"595",0,5,1,1,0.723333,0.2424,0.570833,0.231354,7148,"UP"
"596",0,6,0,1,0.678333,0.618071,0.603333,0.177867,7865,"UP"
"597",0,0,0,2,0.635833,0.603554,0.711667,0.08645,4549,"UP"
"598",0,1,1,2,0.635833,0.595967,0.734167,0.129979,6530,"UP"
"599",0,2,1,1,0.649167,0.601025,0.67375,0.0727708,7006,"UP"
"600",0,3,1,1,0.6675,0.621854,0.677083,0.0702833,7375,"UP"
"601",0,4,1,1,0.695833,0.637008,0.635833,0.0845958,7765,"UP"
"602",0,5,1,2,0.7025,0.6471,0.615,0.0721458,7582,"UP"
"603",0,6,0,2,0.661667,0.618696,0.712917,0.244408,6053,"UP"
"604",0,0,0,2,0.653333,0.595996,0.845833,0.228858,5255,"UP"
"605",0,1,1,1,0.703333,0.654688,0.730417,0.128733,6917,"UP"
"606",0,2,1,1,0.728333,0.66605,0.62,0.190925,7040,"UP"
"607",0,3,1,1,0.685,0.635733,0.552083,0.112562,7697,"UP"
"608",0,4,1,1,0.706667,0.652779,0.590417,0.0771167,7713,"UP"
"609",0,5,1,1,0.764167,0.6894,0.5875,0.168533,7350,"UP"
"610",0,6,0,2,0.753333,0.702654,0.638333,0.113187,6140,"UP"
"611",0,0,0,2,0.696667,0.649,0.815,0.0640708,5810,"UP"
"612",1,1,0,1,0.7075,0.661629,0.790833,0.151121,6034,"UP"
"613",0,2,1,1,0.725833,0.686888,0.755,0.236321,6864,"UP"
"614",0,3,1,1,0.736667,0.708983,0.74125,0.187808,7112,"UP"
"615",0,4,1,2,0.696667,0.655329,0.810417,0.142421,6203,"UP"
"616",0,5,1,1,0.703333,0.657204,0.73625,0.171646,7504,"UP"
"617",0,6,0,2,0.659167,0.611121,0.799167,0.281104,5976,"UP"
"618",0,0,0,1,0.61,0.578925,0.5475,0.224496,8227,"UP"
"619",0,1,1,1,0.583333,0.565654,0.50375,0.258713,7525,"UP"
"620",0,2,1,1,0.5775,0.554292,0.52,0.0920542,7767,"UP"
"621",0,3,1,1,0.599167,0.570075,0.577083,0.131846,7870,"UP"
"622",0,4,1,1,0.6125,0.579558,0.637083,0.0827208,7804,"UP"
"623",0,5,1,1,0.633333,0.594083,0.6725,0.103863,8009,"UP"
"624",0,6,0,1,0.608333,0.585867,0.501667,0.247521,8714,"UP"
"625",0,0,0,1,0.58,0.563125,0.57,0.0901833,7333,"UP"
"626",0,1,1,2,0.580833,0.55305,0.734583,0.151742,6869,"UP"
"627",0,2,1,2,0.623333,0.565067,0.8725,0.357587,4073,"NOTUP"
"628",0,3,1,1,0.5525,0.540404,0.536667,0.215175,7591,"UP"
"629",0,4,1,1,0.546667,0.532192,0.618333,0.118167,7720,"UP"
"630",0,5,1,1,0.599167,0.571971,0.66875,0.154229,8167,"UP"
"631",0,6,0,1,0.65,0.610488,0.646667,0.283583,8395,"UP"
"632",0,0,0,1,0.529167,0.518933,0.467083,0.223258,7907,"UP"
"633",0,1,1,1,0.514167,0.502513,0.492917,0.142404,7436,"UP"
"634",0,2,1,1,0.55,0.544179,0.57,0.236321,7538,"UP"
"635",0,3,1,1,0.635,0.596613,0.630833,0.2444,7733,"UP"
"636",0,4,1,2,0.65,0.607975,0.690833,0.134342,7393,"UP"
"637",0,5,1,2,0.619167,0.585863,0.69,0.164179,7415,"UP"
"638",0,6,0,1,0.5425,0.530296,0.542917,0.227604,8555,"UP"
"639",0,0,0,1,0.526667,0.517663,0.583333,0.134958,6889,"UP"
"640",0,1,1,2,0.520833,0.512,0.649167,0.0908042,6778,"UP"
"641",0,2,1,3,0.590833,0.542333,0.871667,0.104475,4639,"UP"
"642",0,3,1,2,0.6575,0.599133,0.79375,0.0665458,7572,"UP"
"643",0,4,1,2,0.6575,0.607975,0.722917,0.117546,7328,"UP"
"644",0,5,1,1,0.615,0.580187,0.6275,0.10635,8156,"UP"
"645",0,6,0,1,0.554167,0.538521,0.664167,0.268025,7965,"UP"
"646",0,0,0,2,0.415833,0.419813,0.708333,0.141162,3510,"NOTUP"
"647",1,1,0,2,0.383333,0.387608,0.709583,0.189679,5478,"UP"
"648",0,2,1,2,0.446667,0.438112,0.761667,0.1903,6392,"UP"
"649",0,3,1,1,0.514167,0.503142,0.630833,0.187821,7691,"UP"
"650",0,4,1,1,0.435,0.431167,0.463333,0.181596,7570,"UP"
"651",0,5,1,1,0.4375,0.433071,0.539167,0.235092,7282,"UP"
"652",0,6,0,1,0.393333,0.391396,0.494583,0.146142,7109,"UP"
"653",0,0,0,1,0.521667,0.508204,0.640417,0.278612,6639,"UP"
"654",0,1,1,2,0.561667,0.53915,0.7075,0.296037,5875,"UP"
"655",0,2,1,1,0.468333,0.460846,0.558333,0.182221,7534,"UP"
"656",0,3,1,1,0.455833,0.450108,0.692917,0.101371,7461,"UP"
"657",0,4,1,2,0.5225,0.512625,0.728333,0.236937,7509,"UP"
"658",0,5,1,2,0.563333,0.537896,0.815,0.134954,5424,"UP"
"659",0,6,0,1,0.484167,0.472842,0.572917,0.117537,8090,"UP"
"660",0,0,0,1,0.464167,0.456429,0.51,0.166054,6824,"UP"
"661",0,1,1,1,0.4875,0.482942,0.568333,0.0814833,7058,"UP"
"662",0,2,1,1,0.544167,0.530304,0.641667,0.0945458,7466,"UP"
"663",0,3,1,1,0.5875,0.558721,0.63625,0.0727792,7693,"UP"
"664",0,4,1,2,0.55,0.529688,0.800417,0.124375,7359,"UP"
"665",0,5,1,2,0.545833,0.52275,0.807083,0.132467,7444,"UP"
"666",0,6,0,2,0.53,0.515133,0.72,0.235692,7852,"UP"
"667",0,0,0,2,0.4775,0.467771,0.694583,0.398008,4459,"NOTUP"
"668",0,1,1,3,0.44,0.4394,0.88,0.3582,22,"NOTUP"
"669",0,2,1,2,0.318182,0.309909,0.825455,0.213009,1096,"NOTUP"
"670",0,3,1,2,0.3575,0.3611,0.666667,0.166667,5566,"UP"
"671",0,4,1,2,0.365833,0.369942,0.581667,0.157346,5986,"UP"
"672",0,5,1,1,0.355,0.356042,0.522083,0.266175,5847,"UP"
"673",0,6,0,2,0.343333,0.323846,0.49125,0.270529,5138,"UP"
"674",0,0,0,1,0.325833,0.329538,0.532917,0.179108,5107,"UP"
"675",0,1,1,1,0.319167,0.308075,0.494167,0.236325,5259,"UP"
"676",0,2,1,1,0.280833,0.281567,0.567083,0.173513,5686,"UP"
"677",0,3,1,2,0.295833,0.274621,0.5475,0.304108,5035,"UP"
"678",0,4,1,1,0.352174,0.341891,0.333478,0.347835,5315,"UP"
"679",0,5,1,1,0.361667,0.355413,0.540833,0.214558,5992,"UP"
"680",0,6,0,1,0.389167,0.393937,0.645417,0.0578458,6536,"UP"
"681",0,0,0,1,0.420833,0.421713,0.659167,0.1275,6852,"UP"
"682",1,1,0,1,0.485,0.475383,0.741667,0.173517,6269,"UP"
"683",0,2,1,2,0.343333,0.323225,0.662917,0.342046,4094,"NOTUP"
"684",0,3,1,1,0.289167,0.281563,0.552083,0.199625,5495,"UP"
"685",0,4,1,2,0.321667,0.324492,0.620417,0.152987,5445,"UP"
"686",0,5,1,1,0.345,0.347204,0.524583,0.171025,5698,"UP"
"687",0,6,0,1,0.325,0.326383,0.545417,0.179729,5629,"UP"
"688",0,0,0,1,0.3425,0.337746,0.692917,0.227612,4669,"UP"
"689",0,1,1,2,0.380833,0.375621,0.623333,0.235067,5499,"UP"
"690",0,2,1,2,0.374167,0.380667,0.685,0.082725,5634,"UP"
"691",0,3,1,1,0.353333,0.364892,0.61375,0.103246,5146,"UP"
"692",1,4,0,1,0.34,0.350371,0.580417,0.0528708,2425,"NOTUP"
"693",0,5,1,1,0.368333,0.378779,0.56875,0.148021,3910,"NOTUP"
"694",0,6,0,1,0.278333,0.248742,0.404583,0.376871,2277,"NOTUP"
"695",0,0,0,1,0.245833,0.257583,0.468333,0.1505,2424,"NOTUP"
"696",0,1,1,1,0.313333,0.339004,0.535417,0.04665,5087,"UP"
"697",0,2,1,2,0.291667,0.281558,0.786667,0.237562,3959,"NOTUP"
"698",0,3,1,1,0.296667,0.289762,0.50625,0.210821,5260,"UP"
"699",0,4,1,1,0.28087,0.298422,0.555652,0.115522,5323,"UP"
"700",0,5,1,1,0.298333,0.323867,0.649583,0.0584708,5668,"UP"
"701",0,6,0,2,0.298333,0.316904,0.806667,0.0597042,5191,"UP"
"702",0,0,0,2,0.3475,0.359208,0.823333,0.124379,4649,"UP"
"703",0,1,1,1,0.4525,0.455796,0.7675,0.0827208,6234,"UP"
"704",0,2,1,1,0.475833,0.469054,0.73375,0.174129,6606,"UP"
"705",0,3,1,1,0.438333,0.428012,0.485,0.324021,5729,"UP"
"706",0,4,1,1,0.255833,0.258204,0.50875,0.174754,5375,"UP"
"707",0,5,1,2,0.320833,0.321958,0.764167,0.1306,5008,"UP"
"708",0,6,0,2,0.381667,0.389508,0.91125,0.101379,5582,"UP"
"709",0,0,0,2,0.384167,0.390146,0.905417,0.157975,3228,"NOTUP"
"710",0,1,1,2,0.435833,0.435575,0.925,0.190308,5170,"UP"
"711",0,2,1,2,0.353333,0.338363,0.596667,0.296037,5501,"UP"
"712",0,3,1,2,0.2975,0.297338,0.538333,0.162937,5319,"UP"
"713",0,4,1,1,0.295833,0.294188,0.485833,0.174129,5532,"UP"
"714",0,5,1,1,0.281667,0.294192,0.642917,0.131229,5611,"UP"
"715",0,6,0,1,0.324167,0.338383,0.650417,0.10635,5047,"UP"
"716",0,0,0,2,0.3625,0.369938,0.83875,0.100742,3786,"NOTUP"
"717",0,1,1,2,0.393333,0.4015,0.907083,0.0982583,4585,"UP"
"718",0,2,1,1,0.410833,0.409708,0.66625,0.221404,5557,"UP"
"719",0,3,1,1,0.3325,0.342162,0.625417,0.184092,5267,"UP"
"720",0,4,1,2,0.33,0.335217,0.667917,0.132463,4128,"NOTUP"
"721",0,5,1,2,0.326667,0.301767,0.556667,0.374383,3623,"NOTUP"
"722",0,6,0,1,0.265833,0.236113,0.44125,0.407346,1749,"NOTUP"
"723",0,0,0,1,0.245833,0.259471,0.515417,0.133083,1787,"NOTUP"
"724",0,1,1,2,0.231304,0.2589,0.791304,0.0772304,920,"NOTUP"
"725",1,2,0,2,0.291304,0.294465,0.734783,0.168726,1013,"NOTUP"
"726",0,3,1,3,0.243333,0.220333,0.823333,0.316546,441,"NOTUP"
"727",0,4,1,2,0.254167,0.226642,0.652917,0.350133,2114,"NOTUP"
"728",0,5,1,2,0.253333,0.255046,0.59,0.155471,3095,"NOTUP"
"729",0,6,0,2,0.253333,0.2424,0.752917,0.124383,1341,"NOTUP"
"730",0,0,0,1,0.255833,0.2317,0.483333,0.350754,1796,"NOTUP"
"731",0,1,1,2,0.215833,0.223487,0.5775,0.154846,2729,"NOTUP"
